Model,TOPSIS Score
Model D,0.7293175948071956
Model B,0.7064025249535982
Model A,0.314527401399034
Model C,0.21882928934190157
